observation_date,CUUSA426SAF11
1984-01-01,103.400
1985-01-01,106.700
1986-01-01,109.000
1987-01-01,113.400
1988-01-01,120.000
1989-01-01,131.500
1990-01-01,145.000
1991-01-01,152.800
1992-01-01,155.000
1993-01-01,158.000
1994-01-01,157.800
1995-01-01,162.100
1996-01-01,159.500
1997-01-01,164.200
1998-01-01,162.600
1999-01-01,166.200
2000-01-01,166.900
2001-01-01,172.900
2002-01-01,175.200
2003-01-01,178.700
2004-01-01,185.700
2005-01-01,191.400
2006-01-01,198.900
2007-01-01,211.000
2008-01-01,228.319
2009-01-01,234.220
2010-01-01,232.694
2011-01-01,243.147
2012-01-01,251.257
2013-01-01,254.618
2014-01-01,260.591
2015-01-01,267.011
2016-01-01,267.579
2017-01-01,273.253
2018-01-01,273.914
2019-01-01,276.432
2020-01-01,295.849
2021-01-01,309.044
2022-01-01,338.264
2023-01-01,344.170
2024-01-01,350.818
2025-01-01,367.361
