observation_date,CUUR0000SAF11
1947-01-01,25.842
1948-01-01,28.000
1949-01-01,26.900
1950-01-01,27.250
1951-01-01,30.308
1952-01-01,30.867
1953-01-01,30.283
1954-01-01,30.125
1955-01-01,29.508
1956-01-01,29.683
1957-01-01,30.642
1958-01-01,31.975
1959-01-01,31.208
1960-01-01,31.492
1961-01-01,31.758
1962-01-01,31.983
1963-01-01,32.383
1964-01-01,32.775
1965-01-01,33.517
1966-01-01,35.242
1967-01-01,35.117
1968-01-01,36.250
1969-01-01,38.025
1970-01-01,39.925
1971-01-01,40.892
1972-01-01,42.708
1973-01-01,49.667
1974-01-01,57.042
1975-01-01,61.750
1976-01-01,63.058
1977-01-01,66.800
1978-01-01,73.833
1979-01-01,81.817
1980-01-01,88.358
1981-01-01,94.817
1982-01-01,98.083
1983-01-01,99.125
1984-01-01,102.792
1985-01-01,104.267
1986-01-01,107.250
1987-01-01,111.883
1988-01-01,116.550
1989-01-01,124.208
1990-01-01,132.317
1991-01-01,135.842
1992-01-01,136.825
1993-01-01,140.058
1994-01-01,144.083
1995-01-01,148.750
1996-01-01,154.300
1997-01-01,158.142
1998-01-01,161.133
1999-01-01,164.208
2000-01-01,167.883
2001-01-01,173.367
2002-01-01,175.617
2003-01-01,179.392
2004-01-01,186.183
2005-01-01,189.775
2006-01-01,193.117
2007-01-01,201.245
2008-01-01,214.125
2009-01-01,215.124
2010-01-01,215.836
2011-01-01,226.201
2012-01-01,231.774
2013-01-01,233.869
2014-01-01,239.456
2015-01-01,242.250
2016-01-01,239.065
2017-01-01,238.589
2018-01-01,239.661
2019-01-01,241.775
2020-01-01,250.233
2021-01-01,258.892
2022-01-01,288.451
2023-01-01,302.929
2024-01-01,306.536
2025-01-01,313.266
2026-01-01,
